<?xml version='1.0' encoding="utf-8"?>
<toc version="2.0">

    <tocitem target="index.html">BeamLab
        <tocitem target="getting_started_with_beamlab.html">Getting Started with BeamLab
            <tocitem target="product_description.html">BeamLab Product Description</tocitem>
            <tocitem target="system_requirements.html">System Requirements</tocitem>
            <tocitem target="installation.html">Installation</tocitem>
            <tocitem target="simulation_grid_definition.html">Simulation Grid Definition</tocitem>
            <tocitem target="simulation_performance.html">Simulation Performance</tocitem>
        </tocitem>

        <tocitem target="examples.html">Examples</tocitem>

        <tocitem target="release_notes.html">Release Notes</tocitem>

        <tocitem target="simulation_parameters.html">Simulation Parameters
            <tocitem target="required_parameters.html">Required Parameters</tocitem>
            <tocitem target="general_parameters.html">General Parameters</tocitem>
            <tocitem target="mode_solver_parameters.html">Mode Solver</tocitem>
            <tocitem target="dispersion_solver_parameters.html">Dispersion Solver</tocitem>
            <tocitem target="slices_parameters.html">Slices</tocitem>
            <tocitem target="index_scanner_parameters.html">Index Scanner</tocitem>
            <tocitem target="monitor_parameters.html">Monitor</tocitem>
            <tocitem target="index_contour_parameters.html">Index Contour</tocitem>
            <tocitem target="intensity_contour_parameters.html">Intensity Contour</tocitem>
            <tocitem target="power_trace_parameters.html">Power Trace</tocitem>
            <tocitem target="plotting_parameters.html">Plotting</tocitem>
            <tocitem target="video_export_parameters.html">Video Export</tocitem>
            <tocitem target="commandline_output_parameters.html">Command-line Output</tocitem>
        </tocitem>

        <tocitem target="material_database.html">Material Database</tocitem>

        <tocitem target="functionlist.html">Functions 
            <tocitem target="beamgrid.html">beamgrid</tocitem>
            <tocitem target="beamlabdemos.html">beamlabdemos</tocitem>
            <tocitem target="beamlabdoc.html">beamlabdoc</tocitem>
            <tocitem target="beamoverlap.html">beamoverlap</tocitem>
            <tocitem target="beamset.html">beamset</tocitem>
            <tocitem target="bpmplot.html">bpmplot</tocitem>
            <tocitem target="bpmsolver.html">bpmsolver</tocitem>
            <tocitem target="custominput.html">custominput</tocitem>
            <tocitem target="customwaveguide2d.html">customwaveguide2d</tocitem>
            <tocitem target="customwaveguide3d.html">customwaveguide3d</tocitem>
            <tocitem target="dispersionplot.html">dispersionplot</tocitem>
            <tocitem target="dispersionsolver.html">dispersionsolver</tocitem>
            <tocitem target="fasthomogeneous.html">fasthomogeneous</tocitem>
            <tocitem target="gaussinput.html">gaussinput</tocitem>
            <tocitem target="getcommonvars.html">getcommonvars</tocitem>
            <tocitem target="getindex.html">getindex</tocitem>
            <tocitem target="getmaterial.html">getmaterial</tocitem>
            <tocitem target="grinlens.html">grinlens</tocitem>
            <tocitem target="homogeneous.html">homogeneous</tocitem>
            <tocitem target="imageinput.html">imageinput</tocitem>
            <tocitem target="indexplot.html">indexplot</tocitem>
            <tocitem target="inputplot.html">inputplot</tocitem>
            <tocitem target="install.html">install</tocitem>
            <tocitem target="linsinpath.html">linsinpath</tocitem>
            <tocitem target="modeinput.html">modeinput</tocitem>
            <tocitem target="modeplot.html">modeplot</tocitem>
            <tocitem target="modesolver.html">modesolver</tocitem>
            <tocitem target="multicore.html">multicore</tocitem>
            <tocitem target="pchippath.html">pchippath</tocitem>
            <tocitem target="plc.html">plc</tocitem>
            <tocitem target="rib.html">rib</tocitem>
            <tocitem target="sectionclear.html">sectionclear</tocitem>
            <tocitem target="singlecore.html">singlecore</tocitem>
            <tocitem target="splinepath.html">splinepath</tocitem>
            <tocitem target="thinaperture.html">thinaperture</tocitem>
            <tocitem target="thincustommedium.html">thincustommedium</tocitem>
            <tocitem target="thingainmedium.html">thingainmedium</tocitem>
            <tocitem target="thinhelix.html">thinhelix</tocitem>
            <tocitem target="thinlens.html">thinlens</tocitem>
            <tocitem target="thinprism.html">thinprism</tocitem>
            <tocitem target="thinzernike.html">thinzernike</tocitem>
            <tocitem target="uniforminput.html">uniforminput</tocitem>
        </tocitem>

        <tocitem target="beam_propagation_toolbox.html">Beam Propagation Toolbox
            <tocitem target="bpm_introduction.html">Introduction</tocitem>
            <tocitem target="bpm_waveguide_definition.html">Waveguide Definition</tocitem>
            <tocitem target="bpm_input_field_definition.html">Input Field Definition</tocitem>
            <tocitem target="bpm_simulation_parameter_definition.html">Simulation Parameter Definition</tocitem>
        </tocitem>

        <tocitem target="mode_solver_toolbox.html">Mode Solver Toolbox
            <tocitem target="mode_introduction.html">Introduction</tocitem>
            <tocitem target="mode_waveguide_definition.html">Waveguide Definition</tocitem>
            <tocitem target="mode_simulation_parameter_definition.html">Simulation Parameter Definition</tocitem>
            <tocitem target="dispersion_solver.html">Dispersion Solver</tocitem>
        </tocitem>

        <tocitem target="contact.html">Contact</tocitem>

        <tocitem target="imprint.html">Imprint</tocitem>

    </tocitem>

</toc>
